dataset,model,regime,seed,test_accuracy,test_accuracy_dedup,test_accuracy_nbr_covered,val_accuracy,epochs_run,split_index
Cora,GCN,transductive,0,0.8240000009536743,0.8240000009536743,0.8240000009536743,0.7960000038146973,110,0
Cora,GCN,density_control,0,0.8339999914169312,0.8339999914169312,0.8339999914169312,0.7599999904632568,112,0
Cora,GCN,inductive,0,0.8240000009536743,0.8240000009536743,0.8240000009536743,0.7799999713897705,191,0
Cora,GraphSAGE,transductive,0,0.8059999942779541,0.8059999942779541,0.8059999942779541,0.7919999957084656,300,0
Cora,GraphSAGE,density_control,0,0.7879999876022339,0.7879999876022339,0.7879999876022339,0.7379999756813049,109,0
Cora,GraphSAGE,inductive,0,0.8199999928474426,0.8199999928474426,0.8199999928474426,0.7699999809265137,300,0
Cora,MLP,transductive,0,0.5960000157356262,0.5960000157356262,0.5960000157356262,0.5759999752044678,106,0
Cora,MLP,density_control,0,0.5960000157356262,0.5960000157356262,0.5960000157356262,0.5759999752044678,106,0
Cora,MLP,inductive,0,0.5960000157356262,0.5960000157356262,0.5960000157356262,0.5759999752044678,106,0
Cora,LabelProp,transductive,0,0.5659999847412109,0.5659999847412109,0.5659999847412109,0.5640000104904175,0,0
Cora,LabelProp,density_control,0,0.5659999847412109,0.5659999847412109,0.5659999847412109,0.5640000104904175,0,0
Cora,LabelProp,inductive,0,0.5659999847412109,0.5659999847412109,0.5659999847412109,0.5640000104904175,0,0
Cora,GCN,transductive,1,0.8479999899864197,0.8479999899864197,0.8479999899864197,0.800000011920929,119,1
Cora,GCN,density_control,1,0.8360000252723694,0.8360000252723694,0.8360000252723694,0.7860000133514404,110,1
Cora,GCN,inductive,1,0.8320000171661377,0.8320000171661377,0.8320000171661377,0.7680000066757202,111,1
Cora,GraphSAGE,transductive,1,0.8420000076293945,0.8420000076293945,0.8420000076293945,0.8059999942779541,113,1
Cora,GraphSAGE,density_control,1,0.8119999766349792,0.8119999766349792,0.8119999766349792,0.7519999742507935,109,1
Cora,GraphSAGE,inductive,1,0.8379999995231628,0.8379999995231628,0.8379999995231628,0.7559999823570251,111,1
Cora,MLP,transductive,1,0.6340000033378601,0.6340000033378601,0.6340000033378601,0.5659999847412109,125,1
Cora,MLP,density_control,1,0.6340000033378601,0.6340000033378601,0.6340000033378601,0.5659999847412109,125,1
Cora,MLP,inductive,1,0.6340000033378601,0.6340000033378601,0.6340000033378601,0.5659999847412109,125,1
Cora,LabelProp,transductive,1,0.5920000076293945,0.5920000076293945,0.5920000076293945,0.5239999890327454,0,1
Cora,LabelProp,density_control,1,0.5920000076293945,0.5920000076293945,0.5920000076293945,0.5239999890327454,0,1
Cora,LabelProp,inductive,1,0.5920000076293945,0.5920000076293945,0.5920000076293945,0.5239999890327454,0,1
Cora,GCN,transductive,2,0.7839999794960022,0.7839999794960022,0.7839999794960022,0.8140000104904175,116,2
Cora,GCN,density_control,2,0.8019999861717224,0.8019999861717224,0.8019999861717224,0.8080000281333923,104,2
Cora,GCN,inductive,2,0.8040000200271606,0.8040000200271606,0.8040000200271606,0.8100000023841858,106,2
Cora,GraphSAGE,transductive,2,0.765999972820282,0.765999972820282,0.765999972820282,0.8159999847412109,113,2
Cora,GraphSAGE,density_control,2,0.7720000147819519,0.7720000147819519,0.7720000147819519,0.7839999794960022,115,2
Cora,GraphSAGE,inductive,2,0.7820000052452087,0.7820000052452087,0.7820000052452087,0.7820000052452087,113,2
Cora,MLP,transductive,2,0.5659999847412109,0.5659999847412109,0.5659999847412109,0.621999979019165,130,2
Cora,MLP,density_control,2,0.5659999847412109,0.5659999847412109,0.5659999847412109,0.621999979019165,130,2
Cora,MLP,inductive,2,0.5659999847412109,0.5659999847412109,0.5659999847412109,0.621999979019165,130,2
Cora,LabelProp,transductive,2,0.593999981880188,0.593999981880188,0.593999981880188,0.6039999723434448,0,2
Cora,LabelProp,density_control,2,0.593999981880188,0.593999981880188,0.593999981880188,0.6039999723434448,0,2
Cora,LabelProp,inductive,2,0.593999981880188,0.593999981880188,0.593999981880188,0.6039999723434448,0,2
Cora,GCN,transductive,3,0.8040000200271606,0.8040000200271606,0.8040000200271606,0.8240000009536743,193,3
Cora,GCN,density_control,3,0.7919999957084656,0.7919999957084656,0.7919999957084656,0.7919999957084656,198,3
Cora,GCN,inductive,3,0.7919999957084656,0.7919999957084656,0.7919999957084656,0.7979999780654907,230,3
Cora,GraphSAGE,transductive,3,0.7900000214576721,0.7900000214576721,0.7900000214576721,0.8180000185966492,221,3
Cora,GraphSAGE,density_control,3,0.7620000243186951,0.7620000243186951,0.7620000243186951,0.8059999942779541,267,3
Cora,GraphSAGE,inductive,3,0.7799999713897705,0.7799999713897705,0.7799999713897705,0.7900000214576721,217,3
Cora,MLP,transductive,3,0.5440000295639038,0.5440000295639038,0.5440000295639038,0.578000009059906,119,3
Cora,MLP,density_control,3,0.5440000295639038,0.5440000295639038,0.5440000295639038,0.578000009059906,119,3
Cora,MLP,inductive,3,0.5440000295639038,0.5440000295639038,0.5440000295639038,0.578000009059906,119,3
Cora,LabelProp,transductive,3,0.6060000061988831,0.6060000061988831,0.6060000061988831,0.6380000114440918,0,3
Cora,LabelProp,density_control,3,0.6060000061988831,0.6060000061988831,0.6060000061988831,0.6380000114440918,0,3
Cora,LabelProp,inductive,3,0.6060000061988831,0.6060000061988831,0.6060000061988831,0.6380000114440918,0,3
Cora,GCN,transductive,4,0.7979999780654907,0.7979999780654907,0.7979999780654907,0.8100000023841858,262,4
Cora,GCN,density_control,4,0.7599999904632568,0.7599999904632568,0.7599999904632568,0.7919999957084656,239,4
Cora,GCN,inductive,4,0.8100000023841858,0.8100000023841858,0.8100000023841858,0.7960000038146973,115,4
Cora,GraphSAGE,transductive,4,0.8040000200271606,0.8040000200271606,0.8040000200271606,0.8080000281333923,108,4
Cora,GraphSAGE,density_control,4,0.7960000038146973,0.7960000038146973,0.7960000038146973,0.7940000295639038,110,4
Cora,GraphSAGE,inductive,4,0.7860000133514404,0.7860000133514404,0.7860000133514404,0.7720000147819519,108,4
Cora,MLP,transductive,4,0.5820000171661377,0.5820000171661377,0.5820000171661377,0.6100000143051147,111,4
Cora,MLP,density_control,4,0.5820000171661377,0.5820000171661377,0.5820000171661377,0.6100000143051147,111,4
Cora,MLP,inductive,4,0.5820000171661377,0.5820000171661377,0.5820000171661377,0.6100000143051147,111,4
Cora,LabelProp,transductive,4,0.6179999709129333,0.6179999709129333,0.6179999709129333,0.5699999928474426,0,4
Cora,LabelProp,density_control,4,0.6179999709129333,0.6179999709129333,0.6179999709129333,0.5699999928474426,0,4
Cora,LabelProp,inductive,4,0.6179999709129333,0.6179999709129333,0.6179999709129333,0.5699999928474426,0,4
Cora,GCN,transductive,5,0.7919999957084656,0.7919999957084656,0.7919999957084656,0.7960000038146973,189,5
Cora,GCN,density_control,5,0.7979999780654907,0.7979999780654907,0.7979999780654907,0.7620000243186951,206,5
Cora,GCN,inductive,5,0.7960000038146973,0.7960000038146973,0.7960000038146973,0.7879999876022339,287,5
Cora,GraphSAGE,transductive,5,0.7979999780654907,0.7979999780654907,0.7979999780654907,0.7820000052452087,106,5
Cora,GraphSAGE,density_control,5,0.7680000066757202,0.7680000066757202,0.7680000066757202,0.7440000176429749,150,5
Cora,GraphSAGE,inductive,5,0.7879999876022339,0.7879999876022339,0.7879999876022339,0.7760000228881836,257,5
Cora,MLP,transductive,5,0.5899999737739563,0.5899999737739563,0.5899999737739563,0.578000009059906,145,5
Cora,MLP,density_control,5,0.5899999737739563,0.5899999737739563,0.5899999737739563,0.578000009059906,145,5
Cora,MLP,inductive,5,0.5899999737739563,0.5899999737739563,0.5899999737739563,0.578000009059906,145,5
Cora,LabelProp,transductive,5,0.6359999775886536,0.6359999775886536,0.6359999775886536,0.6259999871253967,0,5
Cora,LabelProp,density_control,5,0.6359999775886536,0.6359999775886536,0.6359999775886536,0.6259999871253967,0,5
Cora,LabelProp,inductive,5,0.6359999775886536,0.6359999775886536,0.6359999775886536,0.6259999871253967,0,5
Cora,GCN,transductive,6,0.8240000009536743,0.8240000009536743,0.8240000009536743,0.8100000023841858,219,6
Cora,GCN,density_control,6,0.8240000009536743,0.8240000009536743,0.8240000009536743,0.7760000228881836,114,6
Cora,GCN,inductive,6,0.8040000200271606,0.8040000200271606,0.8040000200271606,0.7860000133514404,189,6
Cora,GraphSAGE,transductive,6,0.8019999861717224,0.8019999861717224,0.8019999861717224,0.8019999861717224,300,6
Cora,GraphSAGE,density_control,6,0.7900000214576721,0.7900000214576721,0.7900000214576721,0.7720000147819519,132,6
Cora,GraphSAGE,inductive,6,0.8220000267028809,0.8220000267028809,0.8220000267028809,0.7639999985694885,112,6
Cora,MLP,transductive,6,0.5619999766349792,0.5619999766349792,0.5619999766349792,0.5699999928474426,115,6
Cora,MLP,density_control,6,0.5619999766349792,0.5619999766349792,0.5619999766349792,0.5699999928474426,115,6
Cora,MLP,inductive,6,0.5619999766349792,0.5619999766349792,0.5619999766349792,0.5699999928474426,115,6
Cora,LabelProp,transductive,6,0.628000020980835,0.628000020980835,0.628000020980835,0.6299999952316284,0,6
Cora,LabelProp,density_control,6,0.628000020980835,0.628000020980835,0.628000020980835,0.6299999952316284,0,6
Cora,LabelProp,inductive,6,0.628000020980835,0.628000020980835,0.628000020980835,0.6299999952316284,0,6
Cora,GCN,transductive,7,0.800000011920929,0.800000011920929,0.800000011920929,0.7960000038146973,189,7
Cora,GCN,density_control,7,0.7900000214576721,0.7900000214576721,0.7900000214576721,0.7879999876022339,112,7
Cora,GCN,inductive,7,0.7940000295639038,0.7940000295639038,0.7940000295639038,0.7739999890327454,204,7
Cora,GraphSAGE,transductive,7,0.7739999890327454,0.7739999890327454,0.7739999890327454,0.777999997138977,130,7
Cora,GraphSAGE,density_control,7,0.8159999847412109,0.8159999847412109,0.8159999847412109,0.7459999918937683,183,7
Cora,GraphSAGE,inductive,7,0.7739999890327454,0.7739999890327454,0.7739999890327454,0.7559999823570251,120,7
Cora,MLP,transductive,7,0.5419999957084656,0.5419999957084656,0.5419999957084656,0.5199999809265137,111,7
Cora,MLP,density_control,7,0.5419999957084656,0.5419999957084656,0.5419999957084656,0.5199999809265137,111,7
Cora,MLP,inductive,7,0.5419999957084656,0.5419999957084656,0.5419999957084656,0.5199999809265137,111,7
Cora,LabelProp,transductive,7,0.6000000238418579,0.6000000238418579,0.6000000238418579,0.5440000295639038,0,7
Cora,LabelProp,density_control,7,0.6000000238418579,0.6000000238418579,0.6000000238418579,0.5440000295639038,0,7
Cora,LabelProp,inductive,7,0.6000000238418579,0.6000000238418579,0.6000000238418579,0.5440000295639038,0,7
Cora,GCN,transductive,8,0.8140000104904175,0.8140000104904175,0.8140000104904175,0.7979999780654907,183,8
Cora,GCN,density_control,8,0.828000009059906,0.828000009059906,0.828000009059906,0.7860000133514404,226,8
Cora,GCN,inductive,8,0.8460000157356262,0.8460000157356262,0.8460000157356262,0.7879999876022339,121,8
Cora,GraphSAGE,transductive,8,0.7919999957084656,0.7919999957084656,0.7919999957084656,0.7760000228881836,287,8
Cora,GraphSAGE,density_control,8,0.7860000133514404,0.7860000133514404,0.7860000133514404,0.7400000095367432,214,8
Cora,GraphSAGE,inductive,8,0.7620000243186951,0.7620000243186951,0.7620000243186951,0.7760000228881836,163,8
Cora,MLP,transductive,8,0.5400000214576721,0.5400000214576721,0.5400000214576721,0.49799999594688416,117,8
Cora,MLP,density_control,8,0.5400000214576721,0.5400000214576721,0.5400000214576721,0.49799999594688416,117,8
Cora,MLP,inductive,8,0.5400000214576721,0.5400000214576721,0.5400000214576721,0.49799999594688416,117,8
Cora,LabelProp,transductive,8,0.5640000104904175,0.5640000104904175,0.5640000104904175,0.5519999861717224,0,8
Cora,LabelProp,density_control,8,0.5640000104904175,0.5640000104904175,0.5640000104904175,0.5519999861717224,0,8
Cora,LabelProp,inductive,8,0.5640000104904175,0.5640000104904175,0.5640000104904175,0.5519999861717224,0,8
Cora,GCN,transductive,9,0.8199999928474426,0.8199999928474426,0.8199999928474426,0.8140000104904175,113,9
Cora,GCN,density_control,9,0.800000011920929,0.800000011920929,0.800000011920929,0.7559999823570251,170,9
Cora,GCN,inductive,9,0.8119999766349792,0.8119999766349792,0.8119999766349792,0.7960000038146973,115,9
Cora,GraphSAGE,transductive,9,0.7900000214576721,0.7900000214576721,0.7900000214576721,0.8199999928474426,155,9
Cora,GraphSAGE,density_control,9,0.7760000228881836,0.7760000228881836,0.7760000228881836,0.7580000162124634,116,9
Cora,GraphSAGE,inductive,9,0.8040000200271606,0.8040000200271606,0.8040000200271606,0.7960000038146973,111,9
Cora,MLP,transductive,9,0.5559999942779541,0.5559999942779541,0.5559999942779541,0.5619999766349792,112,9
Cora,MLP,density_control,9,0.5559999942779541,0.5559999942779541,0.5559999942779541,0.5619999766349792,112,9
Cora,MLP,inductive,9,0.5559999942779541,0.5559999942779541,0.5559999942779541,0.5619999766349792,112,9
Cora,LabelProp,transductive,9,0.621999979019165,0.621999979019165,0.621999979019165,0.5799999833106995,0,9
Cora,LabelProp,density_control,9,0.621999979019165,0.621999979019165,0.621999979019165,0.5799999833106995,0,9
Cora,LabelProp,inductive,9,0.621999979019165,0.621999979019165,0.621999979019165,0.5799999833106995,0,9
CiteSeer,GCN,transductive,0,0.6919999718666077,0.6919999718666077,0.6919999718666077,0.6779999732971191,105,0
CiteSeer,GCN,density_control,0,0.671999990940094,0.671999990940094,0.671999990940094,0.6779999732971191,204,0
CiteSeer,GCN,inductive,0,0.6919999718666077,0.6919999718666077,0.6919999718666077,0.6740000247955322,198,0
CiteSeer,GraphSAGE,transductive,0,0.6660000085830688,0.6660000085830688,0.6660000085830688,0.6859999895095825,148,0
CiteSeer,GraphSAGE,density_control,0,0.656000018119812,0.656000018119812,0.656000018119812,0.6679999828338623,125,0
CiteSeer,GraphSAGE,inductive,0,0.6539999842643738,0.6539999842643738,0.6539999842643738,0.6579999923706055,157,0
CiteSeer,MLP,transductive,0,0.5540000200271606,0.5540000200271606,0.5540000200271606,0.5920000076293945,110,0
CiteSeer,MLP,density_control,0,0.5540000200271606,0.5540000200271606,0.5540000200271606,0.5920000076293945,110,0
CiteSeer,MLP,inductive,0,0.5540000200271606,0.5540000200271606,0.5540000200271606,0.5920000076293945,110,0
CiteSeer,LabelProp,transductive,0,0.3720000088214874,0.3720000088214874,0.3720000088214874,0.3019999861717224,0,0
CiteSeer,LabelProp,density_control,0,0.3720000088214874,0.3720000088214874,0.3720000088214874,0.3019999861717224,0,0
CiteSeer,LabelProp,inductive,0,0.3720000088214874,0.3720000088214874,0.3720000088214874,0.3019999861717224,0,0
CiteSeer,GCN,transductive,1,0.6800000071525574,0.6800000071525574,0.6800000071525574,0.6520000100135803,209,1
CiteSeer,GCN,density_control,1,0.6940000057220459,0.6940000057220459,0.6940000057220459,0.6380000114440918,228,1
CiteSeer,GCN,inductive,1,0.6740000247955322,0.6740000247955322,0.6740000247955322,0.6600000262260437,210,1
CiteSeer,GraphSAGE,transductive,1,0.6800000071525574,0.6800000071525574,0.6800000071525574,0.6600000262260437,157,1
CiteSeer,GraphSAGE,density_control,1,0.6899999976158142,0.6899999976158142,0.6899999976158142,0.6439999938011169,112,1
CiteSeer,GraphSAGE,inductive,1,0.656000018119812,0.656000018119812,0.656000018119812,0.6439999938011169,134,1
CiteSeer,MLP,transductive,1,0.5320000052452087,0.5320000052452087,0.5320000052452087,0.5479999780654907,110,1
CiteSeer,MLP,density_control,1,0.5320000052452087,0.5320000052452087,0.5320000052452087,0.5479999780654907,110,1
CiteSeer,MLP,inductive,1,0.5320000052452087,0.5320000052452087,0.5320000052452087,0.5479999780654907,110,1
CiteSeer,LabelProp,transductive,1,0.33000001311302185,0.33000001311302185,0.33000001311302185,0.2840000092983246,0,1
CiteSeer,LabelProp,density_control,1,0.33000001311302185,0.33000001311302185,0.33000001311302185,0.2840000092983246,0,1
CiteSeer,LabelProp,inductive,1,0.33000001311302185,0.33000001311302185,0.33000001311302185,0.2840000092983246,0,1
CiteSeer,GCN,transductive,2,0.6380000114440918,0.6380000114440918,0.6380000114440918,0.6759999990463257,105,2
CiteSeer,GCN,density_control,2,0.6100000143051147,0.6100000143051147,0.6100000143051147,0.6660000085830688,108,2
CiteSeer,GCN,inductive,2,0.6159999966621399,0.6159999966621399,0.6159999966621399,0.6740000247955322,228,2
CiteSeer,GraphSAGE,transductive,2,0.6200000047683716,0.6200000047683716,0.6200000047683716,0.671999990940094,262,2
CiteSeer,GraphSAGE,density_control,2,0.6079999804496765,0.6079999804496765,0.6079999804496765,0.6380000114440918,155,2
CiteSeer,GraphSAGE,inductive,2,0.628000020980835,0.628000020980835,0.628000020980835,0.6320000290870667,131,2
CiteSeer,MLP,transductive,2,0.5239999890327454,0.5239999890327454,0.5239999890327454,0.5379999876022339,107,2
CiteSeer,MLP,density_control,2,0.5239999890327454,0.5239999890327454,0.5239999890327454,0.5379999876022339,107,2
CiteSeer,MLP,inductive,2,0.5239999890327454,0.5239999890327454,0.5239999890327454,0.5379999876022339,107,2
CiteSeer,LabelProp,transductive,2,0.335999995470047,0.335999995470047,0.335999995470047,0.3479999899864197,0,2
CiteSeer,LabelProp,density_control,2,0.335999995470047,0.335999995470047,0.335999995470047,0.3479999899864197,0,2
CiteSeer,LabelProp,inductive,2,0.335999995470047,0.335999995470047,0.335999995470047,0.3479999899864197,0,2
CiteSeer,GCN,transductive,3,0.6240000128746033,0.6240000128746033,0.6240000128746033,0.6579999923706055,225,3
CiteSeer,GCN,density_control,3,0.6620000004768372,0.6620000004768372,0.6620000004768372,0.6359999775886536,105,3
CiteSeer,GCN,inductive,3,0.6520000100135803,0.6520000100135803,0.6520000100135803,0.6679999828338623,141,3
CiteSeer,GraphSAGE,transductive,3,0.6320000290870667,0.6320000290870667,0.6320000290870667,0.6499999761581421,198,3
CiteSeer,GraphSAGE,density_control,3,0.6299999952316284,0.6299999952316284,0.6299999952316284,0.6399999856948853,119,3
CiteSeer,GraphSAGE,inductive,3,0.6520000100135803,0.6520000100135803,0.6520000100135803,0.6340000033378601,162,3
CiteSeer,MLP,transductive,3,0.5460000038146973,0.5460000038146973,0.5460000038146973,0.5519999861717224,111,3
CiteSeer,MLP,density_control,3,0.5460000038146973,0.5460000038146973,0.5460000038146973,0.5519999861717224,111,3
CiteSeer,MLP,inductive,3,0.5460000038146973,0.5460000038146973,0.5460000038146973,0.5519999861717224,111,3
CiteSeer,LabelProp,transductive,3,0.3319999873638153,0.3319999873638153,0.3319999873638153,0.2800000011920929,0,3
CiteSeer,LabelProp,density_control,3,0.3319999873638153,0.3319999873638153,0.3319999873638153,0.2800000011920929,0,3
CiteSeer,LabelProp,inductive,3,0.3319999873638153,0.3319999873638153,0.3319999873638153,0.2800000011920929,0,3
CiteSeer,GCN,transductive,4,0.6380000114440918,0.6380000114440918,0.6380000114440918,0.6940000057220459,207,4
CiteSeer,GCN,density_control,4,0.6460000276565552,0.6460000276565552,0.6460000276565552,0.6819999814033508,239,4
CiteSeer,GCN,inductive,4,0.6340000033378601,0.6340000033378601,0.6340000033378601,0.6800000071525574,271,4
CiteSeer,GraphSAGE,transductive,4,0.6079999804496765,0.6079999804496765,0.6079999804496765,0.6840000152587891,217,4
CiteSeer,GraphSAGE,density_control,4,0.621999979019165,0.621999979019165,0.621999979019165,0.656000018119812,154,4
CiteSeer,GraphSAGE,inductive,4,0.6320000290870667,0.6320000290870667,0.6320000290870667,0.6679999828338623,107,4
CiteSeer,MLP,transductive,4,0.5600000023841858,0.5600000023841858,0.5600000023841858,0.5619999766349792,171,4
CiteSeer,MLP,density_control,4,0.5600000023841858,0.5600000023841858,0.5600000023841858,0.5619999766349792,171,4
CiteSeer,MLP,inductive,4,0.5600000023841858,0.5600000023841858,0.5600000023841858,0.5619999766349792,171,4
CiteSeer,LabelProp,transductive,4,0.3799999952316284,0.3799999952316284,0.3799999952316284,0.3179999887943268,0,4
CiteSeer,LabelProp,density_control,4,0.3799999952316284,0.3799999952316284,0.3799999952316284,0.3179999887943268,0,4
CiteSeer,LabelProp,inductive,4,0.3799999952316284,0.3799999952316284,0.3799999952316284,0.3179999887943268,0,4
CiteSeer,GCN,transductive,5,0.6859999895095825,0.6859999895095825,0.6859999895095825,0.7039999961853027,116,5
CiteSeer,GCN,density_control,5,0.6899999976158142,0.6899999976158142,0.6899999976158142,0.7020000219345093,105,5
CiteSeer,GCN,inductive,5,0.6779999732971191,0.6779999732971191,0.6779999732971191,0.6940000057220459,221,5
CiteSeer,GraphSAGE,transductive,5,0.6940000057220459,0.6940000057220459,0.6940000057220459,0.6859999895095825,103,5
CiteSeer,GraphSAGE,density_control,5,0.6779999732971191,0.6779999732971191,0.6779999732971191,0.6819999814033508,104,5
CiteSeer,GraphSAGE,inductive,5,0.6520000100135803,0.6520000100135803,0.6520000100135803,0.6480000019073486,207,5
CiteSeer,MLP,transductive,5,0.5120000243186951,0.5120000243186951,0.5120000243186951,0.5559999942779541,108,5
CiteSeer,MLP,density_control,5,0.5120000243186951,0.5120000243186951,0.5120000243186951,0.5559999942779541,108,5
CiteSeer,MLP,inductive,5,0.5120000243186951,0.5120000243186951,0.5120000243186951,0.5559999942779541,108,5
CiteSeer,LabelProp,transductive,5,0.3700000047683716,0.3700000047683716,0.3700000047683716,0.3479999899864197,0,5
CiteSeer,LabelProp,density_control,5,0.3700000047683716,0.3700000047683716,0.3700000047683716,0.3479999899864197,0,5
CiteSeer,LabelProp,inductive,5,0.3700000047683716,0.3700000047683716,0.3700000047683716,0.3479999899864197,0,5
CiteSeer,GCN,transductive,6,0.7020000219345093,0.7020000219345093,0.7020000219345093,0.7080000042915344,105,6
CiteSeer,GCN,density_control,6,0.7039999961853027,0.7039999961853027,0.7039999961853027,0.6840000152587891,106,6
CiteSeer,GCN,inductive,6,0.6859999895095825,0.6859999895095825,0.6859999895095825,0.6759999990463257,104,6
CiteSeer,GraphSAGE,transductive,6,0.6679999828338623,0.6679999828338623,0.6679999828338623,0.6740000247955322,106,6
CiteSeer,GraphSAGE,density_control,6,0.6700000166893005,0.6700000166893005,0.6700000166893005,0.6299999952316284,113,6
CiteSeer,GraphSAGE,inductive,6,0.6759999990463257,0.6759999990463257,0.6759999990463257,0.628000020980835,107,6
CiteSeer,MLP,transductive,6,0.5,0.5,0.5,0.5260000228881836,109,6
CiteSeer,MLP,density_control,6,0.5,0.5,0.5,0.5260000228881836,109,6
CiteSeer,MLP,inductive,6,0.5,0.5,0.5,0.5260000228881836,109,6
CiteSeer,LabelProp,transductive,6,0.3240000009536743,0.3240000009536743,0.3240000009536743,0.3319999873638153,0,6
CiteSeer,LabelProp,density_control,6,0.3240000009536743,0.3240000009536743,0.3240000009536743,0.3319999873638153,0,6
CiteSeer,LabelProp,inductive,6,0.3240000009536743,0.3240000009536743,0.3240000009536743,0.3319999873638153,0,6
CiteSeer,GCN,transductive,7,0.6940000057220459,0.6940000057220459,0.6940000057220459,0.7400000095367432,110,7
CiteSeer,GCN,density_control,7,0.6880000233650208,0.6880000233650208,0.6880000233650208,0.7260000109672546,113,7
CiteSeer,GCN,inductive,7,0.6700000166893005,0.6700000166893005,0.6700000166893005,0.734000027179718,214,7
CiteSeer,GraphSAGE,transductive,7,0.671999990940094,0.671999990940094,0.671999990940094,0.7300000190734863,105,7
CiteSeer,GraphSAGE,density_control,7,0.6840000152587891,0.6840000152587891,0.6840000152587891,0.7139999866485596,107,7
CiteSeer,GraphSAGE,inductive,7,0.6660000085830688,0.6660000085830688,0.6660000085830688,0.6980000138282776,108,7
CiteSeer,MLP,transductive,7,0.5220000147819519,0.5220000147819519,0.5220000147819519,0.5740000009536743,112,7
CiteSeer,MLP,density_control,7,0.5220000147819519,0.5220000147819519,0.5220000147819519,0.5740000009536743,112,7
CiteSeer,MLP,inductive,7,0.5220000147819519,0.5220000147819519,0.5220000147819519,0.5740000009536743,112,7
CiteSeer,LabelProp,transductive,7,0.3499999940395355,0.3499999940395355,0.3499999940395355,0.3580000102519989,0,7
CiteSeer,LabelProp,density_control,7,0.3499999940395355,0.3499999940395355,0.3499999940395355,0.3580000102519989,0,7
CiteSeer,LabelProp,inductive,7,0.3499999940395355,0.3499999940395355,0.3499999940395355,0.3580000102519989,0,7
CiteSeer,GCN,transductive,8,0.6620000004768372,0.6620000004768372,0.6620000004768372,0.6520000100135803,147,8
CiteSeer,GCN,density_control,8,0.6759999990463257,0.6759999990463257,0.6759999990463257,0.6600000262260437,107,8
CiteSeer,GCN,inductive,8,0.6660000085830688,0.6660000085830688,0.6660000085830688,0.628000020980835,190,8
CiteSeer,GraphSAGE,transductive,8,0.6840000152587891,0.6840000152587891,0.6840000152587891,0.6499999761581421,106,8
CiteSeer,GraphSAGE,density_control,8,0.6679999828338623,0.6679999828338623,0.6679999828338623,0.6179999709129333,106,8
CiteSeer,GraphSAGE,inductive,8,0.6579999923706055,0.6579999923706055,0.6579999923706055,0.6159999966621399,108,8
CiteSeer,MLP,transductive,8,0.5299999713897705,0.5299999713897705,0.5299999713897705,0.5419999957084656,113,8
CiteSeer,MLP,density_control,8,0.5299999713897705,0.5299999713897705,0.5299999713897705,0.5419999957084656,113,8
CiteSeer,MLP,inductive,8,0.5299999713897705,0.5299999713897705,0.5299999713897705,0.5419999957084656,113,8
CiteSeer,LabelProp,transductive,8,0.3179999887943268,0.3179999887943268,0.3179999887943268,0.3100000023841858,0,8
CiteSeer,LabelProp,density_control,8,0.3179999887943268,0.3179999887943268,0.3179999887943268,0.3100000023841858,0,8
CiteSeer,LabelProp,inductive,8,0.3179999887943268,0.3179999887943268,0.3179999887943268,0.3100000023841858,0,8
CiteSeer,GCN,transductive,9,0.6899999976158142,0.6899999976158142,0.6899999976158142,0.6679999828338623,104,9
CiteSeer,GCN,density_control,9,0.6840000152587891,0.6840000152587891,0.6840000152587891,0.6539999842643738,104,9
CiteSeer,GCN,inductive,9,0.6779999732971191,0.6779999732971191,0.6779999732971191,0.6499999761581421,105,9
CiteSeer,GraphSAGE,transductive,9,0.6800000071525574,0.6800000071525574,0.6800000071525574,0.6679999828338623,281,9
CiteSeer,GraphSAGE,density_control,9,0.6700000166893005,0.6700000166893005,0.6700000166893005,0.6420000195503235,146,9
CiteSeer,GraphSAGE,inductive,9,0.6940000057220459,0.6940000057220459,0.6940000057220459,0.6579999923706055,141,9
CiteSeer,MLP,transductive,9,0.5400000214576721,0.5400000214576721,0.5400000214576721,0.5559999942779541,122,9
CiteSeer,MLP,density_control,9,0.5400000214576721,0.5400000214576721,0.5400000214576721,0.5559999942779541,122,9
CiteSeer,MLP,inductive,9,0.5400000214576721,0.5400000214576721,0.5400000214576721,0.5559999942779541,122,9
CiteSeer,LabelProp,transductive,9,0.29600000381469727,0.29600000381469727,0.29600000381469727,0.3100000023841858,0,9
CiteSeer,LabelProp,density_control,9,0.29600000381469727,0.29600000381469727,0.29600000381469727,0.3100000023841858,0,9
CiteSeer,LabelProp,inductive,9,0.29600000381469727,0.29600000381469727,0.29600000381469727,0.3100000023841858,0,9
PubMed,GCN,transductive,0,0.8360000252723694,0.8360000252723694,0.8360000252723694,0.7940000295639038,208,0
PubMed,GCN,density_control,0,0.828000009059906,0.828000009059906,0.828000009059906,0.7960000038146973,171,0
PubMed,GCN,inductive,0,0.8360000252723694,0.8360000252723694,0.8360000252723694,0.7900000214576721,201,0
PubMed,GraphSAGE,transductive,0,0.7940000295639038,0.7940000295639038,0.7940000295639038,0.7760000228881836,244,0
PubMed,GraphSAGE,density_control,0,0.7860000133514404,0.7860000133514404,0.7860000133514404,0.777999997138977,263,0
PubMed,GraphSAGE,inductive,0,0.7919999957084656,0.7919999957084656,0.7919999957084656,0.7739999890327454,131,0
PubMed,MLP,transductive,0,0.6940000057220459,0.6940000057220459,0.6940000057220459,0.7099999785423279,132,0
PubMed,MLP,density_control,0,0.6940000057220459,0.6940000057220459,0.6940000057220459,0.7099999785423279,132,0
PubMed,MLP,inductive,0,0.6940000057220459,0.6940000057220459,0.6940000057220459,0.7099999785423279,132,0
PubMed,LabelProp,transductive,0,0.46799999475479126,0.46799999475479126,0.46799999475479126,0.4180000126361847,0,0
PubMed,LabelProp,density_control,0,0.46799999475479126,0.46799999475479126,0.46799999475479126,0.4180000126361847,0,0
PubMed,LabelProp,inductive,0,0.46799999475479126,0.46799999475479126,0.46799999475479126,0.4180000126361847,0,0
PubMed,GCN,transductive,1,0.7599999904632568,0.7599999904632568,0.7599999904632568,0.7559999823570251,213,1
PubMed,GCN,density_control,1,0.7639999985694885,0.7639999985694885,0.7639999985694885,0.7580000162124634,166,1
PubMed,GCN,inductive,1,0.7680000066757202,0.7680000066757202,0.7680000066757202,0.7639999985694885,300,1
PubMed,GraphSAGE,transductive,1,0.7379999756813049,0.7379999756813049,0.7379999756813049,0.7480000257492065,168,1
PubMed,GraphSAGE,density_control,1,0.7400000095367432,0.7400000095367432,0.7400000095367432,0.7319999933242798,241,1
PubMed,GraphSAGE,inductive,1,0.734000027179718,0.734000027179718,0.734000027179718,0.7440000176429749,189,1
PubMed,MLP,transductive,1,0.6940000057220459,0.6940000057220459,0.6940000057220459,0.6959999799728394,284,1
PubMed,MLP,density_control,1,0.6940000057220459,0.6940000057220459,0.6940000057220459,0.6959999799728394,284,1
PubMed,MLP,inductive,1,0.6940000057220459,0.6940000057220459,0.6940000057220459,0.6959999799728394,284,1
PubMed,LabelProp,transductive,1,0.5019999742507935,0.5019999742507935,0.5019999742507935,0.4580000042915344,0,1
PubMed,LabelProp,density_control,1,0.5019999742507935,0.5019999742507935,0.5019999742507935,0.4580000042915344,0,1
PubMed,LabelProp,inductive,1,0.5019999742507935,0.5019999742507935,0.5019999742507935,0.4580000042915344,0,1
PubMed,GCN,transductive,2,0.7419999837875366,0.7419999837875366,0.7419999837875366,0.8420000076293945,217,2
PubMed,GCN,density_control,2,0.75,0.75,0.75,0.8320000171661377,206,2
PubMed,GCN,inductive,2,0.765999972820282,0.765999972820282,0.765999972820282,0.8339999914169312,155,2
PubMed,GraphSAGE,transductive,2,0.7620000243186951,0.7620000243186951,0.7620000243186951,0.7940000295639038,282,2
PubMed,GraphSAGE,density_control,2,0.7379999756813049,0.7379999756813049,0.7379999756813049,0.7960000038146973,177,2
PubMed,GraphSAGE,inductive,2,0.7459999918937683,0.7459999918937683,0.7459999918937683,0.7919999957084656,197,2
PubMed,MLP,transductive,2,0.6819999814033508,0.6819999814033508,0.6819999814033508,0.7319999933242798,109,2
PubMed,MLP,density_control,2,0.6819999814033508,0.6819999814033508,0.6819999814033508,0.7319999933242798,109,2
PubMed,MLP,inductive,2,0.6819999814033508,0.6819999814033508,0.6819999814033508,0.7319999933242798,109,2
PubMed,LabelProp,transductive,2,0.527999997138977,0.527999997138977,0.527999997138977,0.5260000228881836,0,2
PubMed,LabelProp,density_control,2,0.527999997138977,0.527999997138977,0.527999997138977,0.5260000228881836,0,2
PubMed,LabelProp,inductive,2,0.527999997138977,0.527999997138977,0.527999997138977,0.5260000228881836,0,2
PubMed,GCN,transductive,3,0.7979999780654907,0.7979999780654907,0.7979999780654907,0.7680000066757202,201,3
PubMed,GCN,density_control,3,0.7839999794960022,0.7839999794960022,0.7839999794960022,0.7699999809265137,203,3
PubMed,GCN,inductive,3,0.7720000147819519,0.7720000147819519,0.7720000147819519,0.7639999985694885,135,3
PubMed,GraphSAGE,transductive,3,0.7639999985694885,0.7639999985694885,0.7639999985694885,0.7540000081062317,272,3
PubMed,GraphSAGE,density_control,3,0.7680000066757202,0.7680000066757202,0.7680000066757202,0.7519999742507935,300,3
PubMed,GraphSAGE,inductive,3,0.7599999904632568,0.7599999904632568,0.7599999904632568,0.7559999823570251,191,3
PubMed,MLP,transductive,3,0.7059999704360962,0.7059999704360962,0.7059999704360962,0.7360000014305115,190,3
PubMed,MLP,density_control,3,0.7059999704360962,0.7059999704360962,0.7059999704360962,0.7360000014305115,190,3
PubMed,MLP,inductive,3,0.7059999704360962,0.7059999704360962,0.7059999704360962,0.7360000014305115,190,3
PubMed,LabelProp,transductive,3,0.42800000309944153,0.42800000309944153,0.42800000309944153,0.46000000834465027,0,3
PubMed,LabelProp,density_control,3,0.42800000309944153,0.42800000309944153,0.42800000309944153,0.46000000834465027,0,3
PubMed,LabelProp,inductive,3,0.42800000309944153,0.42800000309944153,0.42800000309944153,0.46000000834465027,0,3
PubMed,GCN,transductive,4,0.7400000095367432,0.7400000095367432,0.7400000095367432,0.7680000066757202,125,4
PubMed,GCN,density_control,4,0.7580000162124634,0.7580000162124634,0.7580000162124634,0.7680000066757202,198,4
PubMed,GCN,inductive,4,0.7699999809265137,0.7699999809265137,0.7699999809265137,0.7720000147819519,223,4
PubMed,GraphSAGE,transductive,4,0.7440000176429749,0.7440000176429749,0.7440000176429749,0.765999972820282,168,4
PubMed,GraphSAGE,density_control,4,0.7459999918937683,0.7459999918937683,0.7459999918937683,0.7599999904632568,145,4
PubMed,GraphSAGE,inductive,4,0.7459999918937683,0.7459999918937683,0.7459999918937683,0.7620000243186951,132,4
PubMed,MLP,transductive,4,0.7419999837875366,0.7419999837875366,0.7419999837875366,0.7419999837875366,187,4
PubMed,MLP,density_control,4,0.7419999837875366,0.7419999837875366,0.7419999837875366,0.7419999837875366,187,4
PubMed,MLP,inductive,4,0.7419999837875366,0.7419999837875366,0.7419999837875366,0.7419999837875366,187,4
PubMed,LabelProp,transductive,4,0.4519999921321869,0.4519999921321869,0.4519999921321869,0.4300000071525574,0,4
PubMed,LabelProp,density_control,4,0.4519999921321869,0.4519999921321869,0.4519999921321869,0.4300000071525574,0,4
PubMed,LabelProp,inductive,4,0.4519999921321869,0.4519999921321869,0.4519999921321869,0.4300000071525574,0,4
PubMed,GCN,transductive,5,0.7760000228881836,0.7760000228881836,0.7760000228881836,0.8059999942779541,218,5
PubMed,GCN,density_control,5,0.7820000052452087,0.7820000052452087,0.7820000052452087,0.8059999942779541,248,5
PubMed,GCN,inductive,5,0.7739999890327454,0.7739999890327454,0.7739999890327454,0.800000011920929,138,5
PubMed,GraphSAGE,transductive,5,0.75,0.75,0.75,0.7760000228881836,127,5
PubMed,GraphSAGE,density_control,5,0.7699999809265137,0.7699999809265137,0.7699999809265137,0.777999997138977,227,5
PubMed,GraphSAGE,inductive,5,0.7639999985694885,0.7639999985694885,0.7639999985694885,0.7860000133514404,192,5
PubMed,MLP,transductive,5,0.699999988079071,0.699999988079071,0.699999988079071,0.7319999933242798,241,5
PubMed,MLP,density_control,5,0.699999988079071,0.699999988079071,0.699999988079071,0.7319999933242798,241,5
PubMed,MLP,inductive,5,0.699999988079071,0.699999988079071,0.699999988079071,0.7319999933242798,241,5
PubMed,LabelProp,transductive,5,0.44600000977516174,0.44600000977516174,0.44600000977516174,0.46799999475479126,0,5
PubMed,LabelProp,density_control,5,0.44600000977516174,0.44600000977516174,0.44600000977516174,0.46799999475479126,0,5
PubMed,LabelProp,inductive,5,0.44600000977516174,0.44600000977516174,0.44600000977516174,0.46799999475479126,0,5
PubMed,GCN,transductive,6,0.7940000295639038,0.7940000295639038,0.7940000295639038,0.8360000252723694,134,6
PubMed,GCN,density_control,6,0.7919999957084656,0.7919999957084656,0.7919999957084656,0.8379999995231628,146,6
PubMed,GCN,inductive,6,0.8059999942779541,0.8059999942779541,0.8059999942779541,0.8360000252723694,147,6
PubMed,GraphSAGE,transductive,6,0.7440000176429749,0.7440000176429749,0.7440000176429749,0.8199999928474426,191,6
PubMed,GraphSAGE,density_control,6,0.7459999918937683,0.7459999918937683,0.7459999918937683,0.8119999766349792,162,6
PubMed,GraphSAGE,inductive,6,0.7820000052452087,0.7820000052452087,0.7820000052452087,0.8159999847412109,191,6
PubMed,MLP,transductive,6,0.7020000219345093,0.7020000219345093,0.7020000219345093,0.7239999771118164,145,6
PubMed,MLP,density_control,6,0.7020000219345093,0.7020000219345093,0.7020000219345093,0.7239999771118164,145,6
PubMed,MLP,inductive,6,0.7020000219345093,0.7020000219345093,0.7020000219345093,0.7239999771118164,145,6
PubMed,LabelProp,transductive,6,0.5,0.5,0.5,0.527999997138977,0,6
PubMed,LabelProp,density_control,6,0.5,0.5,0.5,0.527999997138977,0,6
PubMed,LabelProp,inductive,6,0.5,0.5,0.5,0.527999997138977,0,6
PubMed,GCN,transductive,7,0.7799999713897705,0.7799999713897705,0.7799999713897705,0.7820000052452087,299,7
PubMed,GCN,density_control,7,0.765999972820282,0.765999972820282,0.765999972820282,0.7799999713897705,300,7
PubMed,GCN,inductive,7,0.7799999713897705,0.7799999713897705,0.7799999713897705,0.7839999794960022,239,7
PubMed,GraphSAGE,transductive,7,0.7559999823570251,0.7559999823570251,0.7559999823570251,0.7419999837875366,129,7
PubMed,GraphSAGE,density_control,7,0.7580000162124634,0.7580000162124634,0.7580000162124634,0.7400000095367432,191,7
PubMed,GraphSAGE,inductive,7,0.7519999742507935,0.7519999742507935,0.7519999742507935,0.7440000176429749,261,7
PubMed,MLP,transductive,7,0.6880000233650208,0.6880000233650208,0.6880000233650208,0.6460000276565552,149,7
PubMed,MLP,density_control,7,0.6880000233650208,0.6880000233650208,0.6880000233650208,0.6460000276565552,149,7
PubMed,MLP,inductive,7,0.6880000233650208,0.6880000233650208,0.6880000233650208,0.6460000276565552,149,7
PubMed,LabelProp,transductive,7,0.4320000112056732,0.4320000112056732,0.4320000112056732,0.38600000739097595,0,7
PubMed,LabelProp,density_control,7,0.4320000112056732,0.4320000112056732,0.4320000112056732,0.38600000739097595,0,7
PubMed,LabelProp,inductive,7,0.4320000112056732,0.4320000112056732,0.4320000112056732,0.38600000739097595,0,7
PubMed,GCN,transductive,8,0.7960000038146973,0.7960000038146973,0.7960000038146973,0.8420000076293945,211,8
PubMed,GCN,density_control,8,0.7960000038146973,0.7960000038146973,0.7960000038146973,0.8399999737739563,192,8
PubMed,GCN,inductive,8,0.8100000023841858,0.8100000023841858,0.8100000023841858,0.8379999995231628,192,8
PubMed,GraphSAGE,transductive,8,0.7599999904632568,0.7599999904632568,0.7599999904632568,0.8059999942779541,138,8
PubMed,GraphSAGE,density_control,8,0.7540000081062317,0.7540000081062317,0.7540000081062317,0.800000011920929,300,8
PubMed,GraphSAGE,inductive,8,0.7580000162124634,0.7580000162124634,0.7580000162124634,0.8140000104904175,149,8
PubMed,MLP,transductive,8,0.7099999785423279,0.7099999785423279,0.7099999785423279,0.7179999947547913,202,8
PubMed,MLP,density_control,8,0.7099999785423279,0.7099999785423279,0.7099999785423279,0.7179999947547913,202,8
PubMed,MLP,inductive,8,0.7099999785423279,0.7099999785423279,0.7099999785423279,0.7179999947547913,202,8
PubMed,LabelProp,transductive,8,0.4300000071525574,0.4300000071525574,0.4300000071525574,0.47600001096725464,0,8
PubMed,LabelProp,density_control,8,0.4300000071525574,0.4300000071525574,0.4300000071525574,0.47600001096725464,0,8
PubMed,LabelProp,inductive,8,0.4300000071525574,0.4300000071525574,0.4300000071525574,0.47600001096725464,0,8
PubMed,GCN,transductive,9,0.7720000147819519,0.7720000147819519,0.7720000147819519,0.7739999890327454,159,9
PubMed,GCN,density_control,9,0.7839999794960022,0.7839999794960022,0.7839999794960022,0.7720000147819519,147,9
PubMed,GCN,inductive,9,0.7799999713897705,0.7799999713897705,0.7799999713897705,0.7680000066757202,148,9
PubMed,GraphSAGE,transductive,9,0.7760000228881836,0.7760000228881836,0.7760000228881836,0.7699999809265137,139,9
PubMed,GraphSAGE,density_control,9,0.7680000066757202,0.7680000066757202,0.7680000066757202,0.7739999890327454,288,9
PubMed,GraphSAGE,inductive,9,0.777999997138977,0.777999997138977,0.777999997138977,0.7720000147819519,222,9
PubMed,MLP,transductive,9,0.7519999742507935,0.7519999742507935,0.7519999742507935,0.7279999852180481,116,9
PubMed,MLP,density_control,9,0.7519999742507935,0.7519999742507935,0.7519999742507935,0.7279999852180481,116,9
PubMed,MLP,inductive,9,0.7519999742507935,0.7519999742507935,0.7519999742507935,0.7279999852180481,116,9
PubMed,LabelProp,transductive,9,0.5040000081062317,0.5040000081062317,0.5040000081062317,0.4399999976158142,0,9
PubMed,LabelProp,density_control,9,0.5040000081062317,0.5040000081062317,0.5040000081062317,0.4399999976158142,0,9
PubMed,LabelProp,inductive,9,0.5040000081062317,0.5040000081062317,0.5040000081062317,0.4399999976158142,0,9
chameleon,GCN,transductive,0,0.3160000145435333,0.3160000145435333,0.3160000145435333,0.34599998593330383,178,0
chameleon,GCN,density_control,0,0.29600000381469727,0.29600000381469727,0.29600000381469727,0.34200000762939453,136,0
chameleon,GCN,inductive,0,0.335999995470047,0.335999995470047,0.335999995470047,0.35600000619888306,137,0
chameleon,GraphSAGE,transductive,0,0.38600000739097595,0.38600000739097595,0.38600000739097595,0.4580000042915344,186,0
chameleon,GraphSAGE,density_control,0,0.4059999883174896,0.4059999883174896,0.4059999883174896,0.4359999895095825,120,0
chameleon,GraphSAGE,inductive,0,0.37599998712539673,0.37599998712539673,0.37599998712539673,0.4560000002384186,180,0
chameleon,MLP,transductive,0,0.3840000033378601,0.3840000033378601,0.3840000033378601,0.42800000309944153,217,0
chameleon,MLP,density_control,0,0.3840000033378601,0.3840000033378601,0.3840000033378601,0.42800000309944153,217,0
chameleon,MLP,inductive,0,0.3840000033378601,0.3840000033378601,0.3840000033378601,0.42800000309944153,217,0
chameleon,LabelProp,transductive,0,0.21199999749660492,0.21199999749660492,0.21199999749660492,0.1979999989271164,0,0
chameleon,LabelProp,density_control,0,0.21199999749660492,0.21199999749660492,0.21199999749660492,0.1979999989271164,0,0
chameleon,LabelProp,inductive,0,0.21199999749660492,0.21199999749660492,0.21199999749660492,0.1979999989271164,0,0
chameleon,GCN,transductive,1,0.3160000145435333,0.3160000145435333,0.3160000145435333,0.328000009059906,114,1
chameleon,GCN,density_control,1,0.32600000500679016,0.32600000500679016,0.32600000500679016,0.3240000009536743,115,1
chameleon,GCN,inductive,1,0.33799999952316284,0.33799999952316284,0.33799999952316284,0.3499999940395355,115,1
chameleon,GraphSAGE,transductive,1,0.3779999911785126,0.3779999911785126,0.3779999911785126,0.36000001430511475,116,1
chameleon,GraphSAGE,density_control,1,0.36800000071525574,0.36800000071525574,0.36800000071525574,0.36000001430511475,212,1
chameleon,GraphSAGE,inductive,1,0.3619999885559082,0.3619999885559082,0.3619999885559082,0.38600000739097595,116,1
chameleon,MLP,transductive,1,0.3479999899864197,0.3479999899864197,0.3479999899864197,0.37599998712539673,116,1
chameleon,MLP,density_control,1,0.3479999899864197,0.3479999899864197,0.3479999899864197,0.37599998712539673,116,1
chameleon,MLP,inductive,1,0.3479999899864197,0.3479999899864197,0.3479999899864197,0.37599998712539673,116,1
chameleon,LabelProp,transductive,1,0.18199999630451202,0.18199999630451202,0.18199999630451202,0.20600000023841858,0,1
chameleon,LabelProp,density_control,1,0.18199999630451202,0.18199999630451202,0.18199999630451202,0.20600000023841858,0,1
chameleon,LabelProp,inductive,1,0.18199999630451202,0.18199999630451202,0.18199999630451202,0.20600000023841858,0,1
chameleon,GCN,transductive,2,0.2980000078678131,0.2980000078678131,0.2980000078678131,0.3659999966621399,300,2
chameleon,GCN,density_control,2,0.328000009059906,0.328000009059906,0.328000009059906,0.34599998593330383,140,2
chameleon,GCN,inductive,2,0.30799999833106995,0.30799999833106995,0.30799999833106995,0.3540000021457672,214,2
chameleon,GraphSAGE,transductive,2,0.41600000858306885,0.41600000858306885,0.41600000858306885,0.41600000858306885,115,2
chameleon,GraphSAGE,density_control,2,0.4300000071525574,0.4300000071525574,0.4300000071525574,0.41600000858306885,119,2
chameleon,GraphSAGE,inductive,2,0.42800000309944153,0.42800000309944153,0.42800000309944153,0.4259999990463257,118,2
chameleon,MLP,transductive,2,0.42399999499320984,0.42399999499320984,0.42399999499320984,0.4339999854564667,119,2
chameleon,MLP,density_control,2,0.42399999499320984,0.42399999499320984,0.42399999499320984,0.4339999854564667,119,2
chameleon,MLP,inductive,2,0.42399999499320984,0.42399999499320984,0.42399999499320984,0.4339999854564667,119,2
chameleon,LabelProp,transductive,2,0.23399999737739563,0.23399999737739563,0.23399999737739563,0.2160000056028366,0,2
chameleon,LabelProp,density_control,2,0.23399999737739563,0.23399999737739563,0.23399999737739563,0.2160000056028366,0,2
chameleon,LabelProp,inductive,2,0.23399999737739563,0.23399999737739563,0.23399999737739563,0.2160000056028366,0,2
chameleon,GCN,transductive,3,0.2800000011920929,0.2800000011920929,0.2800000011920929,0.3059999942779541,187,3
chameleon,GCN,density_control,3,0.28200000524520874,0.28200000524520874,0.28200000524520874,0.3019999861717224,237,3
chameleon,GCN,inductive,3,0.27000001072883606,0.27000001072883606,0.27000001072883606,0.30799999833106995,109,3
chameleon,GraphSAGE,transductive,3,0.3919999897480011,0.3919999897480011,0.3919999897480011,0.41999998688697815,234,3
chameleon,GraphSAGE,density_control,3,0.3840000033378601,0.3840000033378601,0.3840000033378601,0.4099999964237213,159,3
chameleon,GraphSAGE,inductive,3,0.4000000059604645,0.4000000059604645,0.4000000059604645,0.4259999990463257,300,3
chameleon,MLP,transductive,3,0.39399999380111694,0.39399999380111694,0.39399999380111694,0.39800000190734863,121,3
chameleon,MLP,density_control,3,0.39399999380111694,0.39399999380111694,0.39399999380111694,0.39800000190734863,121,3
chameleon,MLP,inductive,3,0.39399999380111694,0.39399999380111694,0.39399999380111694,0.39800000190734863,121,3
chameleon,LabelProp,transductive,3,0.18799999356269836,0.18799999356269836,0.18799999356269836,0.17399999499320984,0,3
chameleon,LabelProp,density_control,3,0.18799999356269836,0.18799999356269836,0.18799999356269836,0.17399999499320984,0,3
chameleon,LabelProp,inductive,3,0.18799999356269836,0.18799999356269836,0.18799999356269836,0.17399999499320984,0,3
chameleon,GCN,transductive,4,0.39399999380111694,0.39399999380111694,0.39399999380111694,0.40400001406669617,134,4
chameleon,GCN,density_control,4,0.3779999911785126,0.3779999911785126,0.3779999911785126,0.40400001406669617,131,4
chameleon,GCN,inductive,4,0.37400001287460327,0.37400001287460327,0.37400001287460327,0.4000000059604645,142,4
chameleon,GraphSAGE,transductive,4,0.38999998569488525,0.38999998569488525,0.38999998569488525,0.3919999897480011,123,4
chameleon,GraphSAGE,density_control,4,0.40400001406669617,0.40400001406669617,0.40400001406669617,0.39800000190734863,116,4
chameleon,GraphSAGE,inductive,4,0.36000001430511475,0.36000001430511475,0.36000001430511475,0.39399999380111694,300,4
chameleon,MLP,transductive,4,0.3619999885559082,0.3619999885559082,0.3619999885559082,0.4020000100135803,127,4
chameleon,MLP,density_control,4,0.3619999885559082,0.3619999885559082,0.3619999885559082,0.4020000100135803,127,4
chameleon,MLP,inductive,4,0.3619999885559082,0.3619999885559082,0.3619999885559082,0.4020000100135803,127,4
chameleon,LabelProp,transductive,4,0.20800000429153442,0.20800000429153442,0.20800000429153442,0.20200000703334808,0,4
chameleon,LabelProp,density_control,4,0.20800000429153442,0.20800000429153442,0.20800000429153442,0.20200000703334808,0,4
chameleon,LabelProp,inductive,4,0.20800000429153442,0.20800000429153442,0.20800000429153442,0.20200000703334808,0,4
chameleon,GCN,transductive,5,0.3799999952316284,0.3799999952316284,0.3799999952316284,0.3580000102519989,105,5
chameleon,GCN,density_control,5,0.3659999966621399,0.3659999966621399,0.3659999966621399,0.3659999966621399,105,5
chameleon,GCN,inductive,5,0.3700000047683716,0.3700000047683716,0.3700000047683716,0.3880000114440918,108,5
chameleon,GraphSAGE,transductive,5,0.414000004529953,0.414000004529953,0.414000004529953,0.42399999499320984,115,5
chameleon,GraphSAGE,density_control,5,0.4020000100135803,0.4020000100135803,0.4020000100135803,0.4300000071525574,205,5
chameleon,GraphSAGE,inductive,5,0.4059999883174896,0.4059999883174896,0.4059999883174896,0.42800000309944153,300,5
chameleon,MLP,transductive,5,0.41999998688697815,0.41999998688697815,0.41999998688697815,0.41200000047683716,123,5
chameleon,MLP,density_control,5,0.41999998688697815,0.41999998688697815,0.41999998688697815,0.41200000047683716,123,5
chameleon,MLP,inductive,5,0.41999998688697815,0.41999998688697815,0.41999998688697815,0.41200000047683716,123,5
chameleon,LabelProp,transductive,5,0.18199999630451202,0.18199999630451202,0.18199999630451202,0.1899999976158142,0,5
chameleon,LabelProp,density_control,5,0.18199999630451202,0.18199999630451202,0.18199999630451202,0.1899999976158142,0,5
chameleon,LabelProp,inductive,5,0.18199999630451202,0.18199999630451202,0.18199999630451202,0.1899999976158142,0,5
chameleon,GCN,transductive,6,0.4099999964237213,0.4099999964237213,0.4099999964237213,0.3440000116825104,111,6
chameleon,GCN,density_control,6,0.38999998569488525,0.38999998569488525,0.38999998569488525,0.3580000102519989,285,6
chameleon,GCN,inductive,6,0.3919999897480011,0.3919999897480011,0.3919999897480011,0.35199999809265137,109,6
chameleon,GraphSAGE,transductive,6,0.42800000309944153,0.42800000309944153,0.42800000309944153,0.39399999380111694,185,6
chameleon,GraphSAGE,density_control,6,0.4480000138282776,0.4480000138282776,0.4480000138282776,0.40400001406669617,116,6
chameleon,GraphSAGE,inductive,6,0.4059999883174896,0.4059999883174896,0.4059999883174896,0.38199999928474426,116,6
chameleon,MLP,transductive,6,0.3799999952316284,0.3799999952316284,0.3799999952316284,0.3880000114440918,300,6
chameleon,MLP,density_control,6,0.3799999952316284,0.3799999952316284,0.3799999952316284,0.3880000114440918,300,6
chameleon,MLP,inductive,6,0.3799999952316284,0.3799999952316284,0.3799999952316284,0.3880000114440918,300,6
chameleon,LabelProp,transductive,6,0.21199999749660492,0.21199999749660492,0.21199999749660492,0.2160000056028366,0,6
chameleon,LabelProp,density_control,6,0.21199999749660492,0.21199999749660492,0.21199999749660492,0.2160000056028366,0,6
chameleon,LabelProp,inductive,6,0.21199999749660492,0.21199999749660492,0.21199999749660492,0.2160000056028366,0,6
chameleon,GCN,transductive,7,0.3479999899864197,0.3479999899864197,0.3479999899864197,0.35600000619888306,167,7
chameleon,GCN,density_control,7,0.35600000619888306,0.35600000619888306,0.35600000619888306,0.3580000102519989,140,7
chameleon,GCN,inductive,7,0.33399999141693115,0.33399999141693115,0.33399999141693115,0.35600000619888306,279,7
chameleon,GraphSAGE,transductive,7,0.3499999940395355,0.3499999940395355,0.3499999940395355,0.40400001406669617,172,7
chameleon,GraphSAGE,density_control,7,0.3499999940395355,0.3499999940395355,0.3499999940395355,0.4000000059604645,157,7
chameleon,GraphSAGE,inductive,7,0.3479999899864197,0.3479999899864197,0.3479999899864197,0.40799999237060547,300,7
chameleon,MLP,transductive,7,0.33799999952316284,0.33799999952316284,0.33799999952316284,0.38199999928474426,121,7
chameleon,MLP,density_control,7,0.33799999952316284,0.33799999952316284,0.33799999952316284,0.38199999928474426,121,7
chameleon,MLP,inductive,7,0.33799999952316284,0.33799999952316284,0.33799999952316284,0.38199999928474426,121,7
chameleon,LabelProp,transductive,7,0.21400000154972076,0.21400000154972076,0.21400000154972076,0.22599999606609344,0,7
chameleon,LabelProp,density_control,7,0.21400000154972076,0.21400000154972076,0.21400000154972076,0.22599999606609344,0,7
chameleon,LabelProp,inductive,7,0.21400000154972076,0.21400000154972076,0.21400000154972076,0.22599999606609344,0,7
chameleon,GCN,transductive,8,0.2980000078678131,0.2980000078678131,0.2980000078678131,0.33799999952316284,157,8
chameleon,GCN,density_control,8,0.32600000500679016,0.32600000500679016,0.32600000500679016,0.34599998593330383,157,8
chameleon,GCN,inductive,8,0.328000009059906,0.328000009059906,0.328000009059906,0.33799999952316284,109,8
chameleon,GraphSAGE,transductive,8,0.4059999883174896,0.4059999883174896,0.4059999883174896,0.4300000071525574,114,8
chameleon,GraphSAGE,density_control,8,0.40400001406669617,0.40400001406669617,0.40400001406669617,0.421999990940094,112,8
chameleon,GraphSAGE,inductive,8,0.3919999897480011,0.3919999897480011,0.3919999897480011,0.40799999237060547,114,8
chameleon,MLP,transductive,8,0.39800000190734863,0.39800000190734863,0.39800000190734863,0.3880000114440918,118,8
chameleon,MLP,density_control,8,0.39800000190734863,0.39800000190734863,0.39800000190734863,0.3880000114440918,118,8
chameleon,MLP,inductive,8,0.39800000190734863,0.39800000190734863,0.39800000190734863,0.3880000114440918,118,8
chameleon,LabelProp,transductive,8,0.24799999594688416,0.24799999594688416,0.24799999594688416,0.22200000286102295,0,8
chameleon,LabelProp,density_control,8,0.24799999594688416,0.24799999594688416,0.24799999594688416,0.22200000286102295,0,8
chameleon,LabelProp,inductive,8,0.24799999594688416,0.24799999594688416,0.24799999594688416,0.22200000286102295,0,8
chameleon,GCN,transductive,9,0.3179999887943268,0.3179999887943268,0.3179999887943268,0.35199999809265137,189,9
chameleon,GCN,density_control,9,0.3199999928474426,0.3199999928474426,0.3199999928474426,0.32600000500679016,132,9
chameleon,GCN,inductive,9,0.30399999022483826,0.30399999022483826,0.30399999022483826,0.335999995470047,169,9
chameleon,GraphSAGE,transductive,9,0.3919999897480011,0.3919999897480011,0.3919999897480011,0.41200000047683716,119,9
chameleon,GraphSAGE,density_control,9,0.40400001406669617,0.40400001406669617,0.40400001406669617,0.421999990940094,156,9
chameleon,GraphSAGE,inductive,9,0.3919999897480011,0.3919999897480011,0.3919999897480011,0.3959999978542328,130,9
chameleon,MLP,transductive,9,0.4099999964237213,0.4099999964237213,0.4099999964237213,0.41600000858306885,116,9
chameleon,MLP,density_control,9,0.4099999964237213,0.4099999964237213,0.4099999964237213,0.41600000858306885,116,9
chameleon,MLP,inductive,9,0.4099999964237213,0.4099999964237213,0.4099999964237213,0.41600000858306885,116,9
chameleon,LabelProp,transductive,9,0.20200000703334808,0.20200000703334808,0.20200000703334808,0.20999999344348907,0,9
chameleon,LabelProp,density_control,9,0.20200000703334808,0.20200000703334808,0.20200000703334808,0.20999999344348907,0,9
chameleon,LabelProp,inductive,9,0.20200000703334808,0.20200000703334808,0.20200000703334808,0.20999999344348907,0,9
squirrel,GCN,transductive,0,0.1979999989271164,0.1979999989271164,0.1979999989271164,0.23600000143051147,102,0
squirrel,GCN,density_control,0,0.20200000703334808,0.20200000703334808,0.20200000703334808,0.24799999594688416,102,0
squirrel,GCN,inductive,0,0.20200000703334808,0.20200000703334808,0.20200000703334808,0.23800000548362732,103,0
squirrel,GraphSAGE,transductive,0,0.25200000405311584,0.25200000405311584,0.25200000405311584,0.2919999957084656,104,0
squirrel,GraphSAGE,density_control,0,0.23199999332427979,0.23199999332427979,0.23199999332427979,0.2800000011920929,101,0
squirrel,GraphSAGE,inductive,0,0.27399998903274536,0.27399998903274536,0.27399998903274536,0.2800000011920929,108,0
squirrel,MLP,transductive,0,0.25600001215934753,0.25600001215934753,0.25600001215934753,0.2619999945163727,108,0
squirrel,MLP,density_control,0,0.25600001215934753,0.25600001215934753,0.25600001215934753,0.2619999945163727,108,0
squirrel,MLP,inductive,0,0.25600001215934753,0.25600001215934753,0.25600001215934753,0.2619999945163727,108,0
squirrel,LabelProp,transductive,0,0.17000000178813934,0.17000000178813934,0.17000000178813934,0.18000000715255737,0,0
squirrel,LabelProp,density_control,0,0.17000000178813934,0.17000000178813934,0.17000000178813934,0.18000000715255737,0,0
squirrel,LabelProp,inductive,0,0.17000000178813934,0.17000000178813934,0.17000000178813934,0.18000000715255737,0,0
squirrel,GCN,transductive,1,0.2160000056028366,0.2160000056028366,0.2160000056028366,0.23399999737739563,177,1
squirrel,GCN,density_control,1,0.2199999988079071,0.2199999988079071,0.2199999988079071,0.24799999594688416,104,1
squirrel,GCN,inductive,1,0.20000000298023224,0.20000000298023224,0.20000000298023224,0.24799999594688416,131,1
squirrel,GraphSAGE,transductive,1,0.2160000056028366,0.2160000056028366,0.2160000056028366,0.2759999930858612,208,1
squirrel,GraphSAGE,density_control,1,0.23600000143051147,0.23600000143051147,0.23600000143051147,0.27399998903274536,261,1
squirrel,GraphSAGE,inductive,1,0.23600000143051147,0.23600000143051147,0.23600000143051147,0.28200000524520874,221,1
squirrel,MLP,transductive,1,0.2840000092983246,0.2840000092983246,0.2840000092983246,0.2759999930858612,150,1
squirrel,MLP,density_control,1,0.2840000092983246,0.2840000092983246,0.2840000092983246,0.2759999930858612,150,1
squirrel,MLP,inductive,1,0.2840000092983246,0.2840000092983246,0.2840000092983246,0.2759999930858612,150,1
squirrel,LabelProp,transductive,1,0.1420000046491623,0.1420000046491623,0.1420000046491623,0.15800000727176666,0,1
squirrel,LabelProp,density_control,1,0.1420000046491623,0.1420000046491623,0.1420000046491623,0.15800000727176666,0,1
squirrel,LabelProp,inductive,1,0.1420000046491623,0.1420000046491623,0.1420000046491623,0.15800000727176666,0,1
squirrel,GCN,transductive,2,0.23000000417232513,0.23000000417232513,0.23000000417232513,0.23999999463558197,111,2
squirrel,GCN,density_control,2,0.23199999332427979,0.23199999332427979,0.23199999332427979,0.23999999463558197,109,2
squirrel,GCN,inductive,2,0.24400000274181366,0.24400000274181366,0.24400000274181366,0.23600000143051147,144,2
squirrel,GraphSAGE,transductive,2,0.2939999997615814,0.2939999997615814,0.2939999997615814,0.3179999887943268,114,2
squirrel,GraphSAGE,density_control,2,0.2939999997615814,0.2939999997615814,0.2939999997615814,0.32199999690055847,120,2
squirrel,GraphSAGE,inductive,2,0.28600001335144043,0.28600001335144043,0.28600001335144043,0.33799999952316284,114,2
squirrel,MLP,transductive,2,0.2759999930858612,0.2759999930858612,0.2759999930858612,0.3059999942779541,195,2
squirrel,MLP,density_control,2,0.2759999930858612,0.2759999930858612,0.2759999930858612,0.3059999942779541,195,2
squirrel,MLP,inductive,2,0.2759999930858612,0.2759999930858612,0.2759999930858612,0.3059999942779541,195,2
squirrel,LabelProp,transductive,2,0.19200000166893005,0.19200000166893005,0.19200000166893005,0.1420000046491623,0,2
squirrel,LabelProp,density_control,2,0.19200000166893005,0.19200000166893005,0.19200000166893005,0.1420000046491623,0,2
squirrel,LabelProp,inductive,2,0.19200000166893005,0.19200000166893005,0.19200000166893005,0.1420000046491623,0,2
squirrel,GCN,transductive,3,0.2280000001192093,0.2280000001192093,0.2280000001192093,0.23999999463558197,116,3
squirrel,GCN,density_control,3,0.21400000154972076,0.21400000154972076,0.21400000154972076,0.24199999868869781,103,3
squirrel,GCN,inductive,3,0.2199999988079071,0.2199999988079071,0.2199999988079071,0.25200000405311584,119,3
squirrel,GraphSAGE,transductive,3,0.28999999165534973,0.28999999165534973,0.28999999165534973,0.3100000023841858,114,3
squirrel,GraphSAGE,density_control,3,0.27799999713897705,0.27799999713897705,0.27799999713897705,0.31200000643730164,102,3
squirrel,GraphSAGE,inductive,3,0.3019999861717224,0.3019999861717224,0.3019999861717224,0.3319999873638153,140,3
squirrel,MLP,transductive,3,0.2840000092983246,0.2840000092983246,0.2840000092983246,0.32199999690055847,169,3
squirrel,MLP,density_control,3,0.2840000092983246,0.2840000092983246,0.2840000092983246,0.32199999690055847,169,3
squirrel,MLP,inductive,3,0.2840000092983246,0.2840000092983246,0.2840000092983246,0.32199999690055847,169,3
squirrel,LabelProp,transductive,3,0.18799999356269836,0.18799999356269836,0.18799999356269836,0.17800000309944153,0,3
squirrel,LabelProp,density_control,3,0.18799999356269836,0.18799999356269836,0.18799999356269836,0.17800000309944153,0,3
squirrel,LabelProp,inductive,3,0.18799999356269836,0.18799999356269836,0.18799999356269836,0.17800000309944153,0,3
squirrel,GCN,transductive,4,0.2199999988079071,0.2199999988079071,0.2199999988079071,0.22599999606609344,104,4
squirrel,GCN,density_control,4,0.22200000286102295,0.22200000286102295,0.22200000286102295,0.23000000417232513,106,4
squirrel,GCN,inductive,4,0.21199999749660492,0.21199999749660492,0.21199999749660492,0.23600000143051147,101,4
squirrel,GraphSAGE,transductive,4,0.2980000078678131,0.2980000078678131,0.2980000078678131,0.30799999833106995,110,4
squirrel,GraphSAGE,density_control,4,0.3179999887943268,0.3179999887943268,0.3179999887943268,0.3240000009536743,110,4
squirrel,GraphSAGE,inductive,4,0.2919999957084656,0.2919999957084656,0.2919999957084656,0.2879999876022339,113,4
squirrel,MLP,transductive,4,0.27000001072883606,0.27000001072883606,0.27000001072883606,0.2879999876022339,117,4
squirrel,MLP,density_control,4,0.27000001072883606,0.27000001072883606,0.27000001072883606,0.2879999876022339,117,4
squirrel,MLP,inductive,4,0.27000001072883606,0.27000001072883606,0.27000001072883606,0.2879999876022339,117,4
squirrel,LabelProp,transductive,4,0.164000004529953,0.164000004529953,0.164000004529953,0.16200000047683716,0,4
squirrel,LabelProp,density_control,4,0.164000004529953,0.164000004529953,0.164000004529953,0.16200000047683716,0,4
squirrel,LabelProp,inductive,4,0.164000004529953,0.164000004529953,0.164000004529953,0.16200000047683716,0,4
squirrel,GCN,transductive,5,0.20999999344348907,0.20999999344348907,0.20999999344348907,0.2639999985694885,298,5
squirrel,GCN,density_control,5,0.20000000298023224,0.20000000298023224,0.20000000298023224,0.25999999046325684,292,5
squirrel,GCN,inductive,5,0.17599999904632568,0.17599999904632568,0.17599999904632568,0.27799999713897705,181,5
squirrel,GraphSAGE,transductive,5,0.257999986410141,0.257999986410141,0.257999986410141,0.3400000035762787,276,5
squirrel,GraphSAGE,density_control,5,0.2619999945163727,0.2619999945163727,0.2619999945163727,0.3479999899864197,114,5
squirrel,GraphSAGE,inductive,5,0.25999999046325684,0.25999999046325684,0.25999999046325684,0.34599998593330383,136,5
squirrel,MLP,transductive,5,0.257999986410141,0.257999986410141,0.257999986410141,0.30000001192092896,111,5
squirrel,MLP,density_control,5,0.257999986410141,0.257999986410141,0.257999986410141,0.30000001192092896,111,5
squirrel,MLP,inductive,5,0.257999986410141,0.257999986410141,0.257999986410141,0.30000001192092896,111,5
squirrel,LabelProp,transductive,5,0.1979999989271164,0.1979999989271164,0.1979999989271164,0.16200000047683716,0,5
squirrel,LabelProp,density_control,5,0.1979999989271164,0.1979999989271164,0.1979999989271164,0.16200000047683716,0,5
squirrel,LabelProp,inductive,5,0.1979999989271164,0.1979999989271164,0.1979999989271164,0.16200000047683716,0,5
squirrel,GCN,transductive,6,0.25200000405311584,0.25200000405311584,0.25200000405311584,0.26600000262260437,108,6
squirrel,GCN,density_control,6,0.23199999332427979,0.23199999332427979,0.23199999332427979,0.24799999594688416,108,6
squirrel,GCN,inductive,6,0.23800000548362732,0.23800000548362732,0.23800000548362732,0.24799999594688416,107,6
squirrel,GraphSAGE,transductive,6,0.26600000262260437,0.26600000262260437,0.26600000262260437,0.30399999022483826,154,6
squirrel,GraphSAGE,density_control,6,0.27000001072883606,0.27000001072883606,0.27000001072883606,0.3179999887943268,139,6
squirrel,GraphSAGE,inductive,6,0.2720000147819519,0.2720000147819519,0.2720000147819519,0.3179999887943268,218,6
squirrel,MLP,transductive,6,0.27799999713897705,0.27799999713897705,0.27799999713897705,0.3240000009536743,240,6
squirrel,MLP,density_control,6,0.27799999713897705,0.27799999713897705,0.27799999713897705,0.3240000009536743,240,6
squirrel,MLP,inductive,6,0.27799999713897705,0.27799999713897705,0.27799999713897705,0.3240000009536743,240,6
squirrel,LabelProp,transductive,6,0.1720000058412552,0.1720000058412552,0.1720000058412552,0.15600000321865082,0,6
squirrel,LabelProp,density_control,6,0.1720000058412552,0.1720000058412552,0.1720000058412552,0.15600000321865082,0,6
squirrel,LabelProp,inductive,6,0.1720000058412552,0.1720000058412552,0.1720000058412552,0.15600000321865082,0,6
squirrel,GCN,transductive,7,0.22200000286102295,0.22200000286102295,0.22200000286102295,0.23999999463558197,102,7
squirrel,GCN,density_control,7,0.2460000067949295,0.2460000067949295,0.2460000067949295,0.25,113,7
squirrel,GCN,inductive,7,0.24199999868869781,0.24199999868869781,0.24199999868869781,0.24400000274181366,154,7
squirrel,GraphSAGE,transductive,7,0.31200000643730164,0.31200000643730164,0.31200000643730164,0.3319999873638153,143,7
squirrel,GraphSAGE,density_control,7,0.3140000104904175,0.3140000104904175,0.3140000104904175,0.328000009059906,110,7
squirrel,GraphSAGE,inductive,7,0.30000001192092896,0.30000001192092896,0.30000001192092896,0.33399999141693115,168,7
squirrel,MLP,transductive,7,0.2619999945163727,0.2619999945163727,0.2619999945163727,0.2939999997615814,118,7
squirrel,MLP,density_control,7,0.2619999945163727,0.2619999945163727,0.2619999945163727,0.2939999997615814,118,7
squirrel,MLP,inductive,7,0.2619999945163727,0.2619999945163727,0.2619999945163727,0.2939999997615814,118,7
squirrel,LabelProp,transductive,7,0.17399999499320984,0.17399999499320984,0.17399999499320984,0.17599999904632568,0,7
squirrel,LabelProp,density_control,7,0.17399999499320984,0.17399999499320984,0.17399999499320984,0.17599999904632568,0,7
squirrel,LabelProp,inductive,7,0.17399999499320984,0.17399999499320984,0.17399999499320984,0.17599999904632568,0,7
squirrel,GCN,transductive,8,0.20200000703334808,0.20200000703334808,0.20200000703334808,0.28999999165534973,104,8
squirrel,GCN,density_control,8,0.21799999475479126,0.21799999475479126,0.21799999475479126,0.2919999957084656,300,8
squirrel,GCN,inductive,8,0.2199999988079071,0.2199999988079071,0.2199999988079071,0.2720000147819519,106,8
squirrel,GraphSAGE,transductive,8,0.29600000381469727,0.29600000381469727,0.29600000381469727,0.335999995470047,112,8
squirrel,GraphSAGE,density_control,8,0.2759999930858612,0.2759999930858612,0.2759999930858612,0.33399999141693115,116,8
squirrel,GraphSAGE,inductive,8,0.2800000011920929,0.2800000011920929,0.2800000011920929,0.32199999690055847,114,8
squirrel,MLP,transductive,8,0.27399998903274536,0.27399998903274536,0.27399998903274536,0.30799999833106995,159,8
squirrel,MLP,density_control,8,0.27399998903274536,0.27399998903274536,0.27399998903274536,0.30799999833106995,159,8
squirrel,MLP,inductive,8,0.27399998903274536,0.27399998903274536,0.27399998903274536,0.30799999833106995,159,8
squirrel,LabelProp,transductive,8,0.1899999976158142,0.1899999976158142,0.1899999976158142,0.15000000596046448,0,8
squirrel,LabelProp,density_control,8,0.1899999976158142,0.1899999976158142,0.1899999976158142,0.15000000596046448,0,8
squirrel,LabelProp,inductive,8,0.1899999976158142,0.1899999976158142,0.1899999976158142,0.15000000596046448,0,8
squirrel,GCN,transductive,9,0.17000000178813934,0.17000000178813934,0.17000000178813934,0.2460000067949295,178,9
squirrel,GCN,density_control,9,0.18400000035762787,0.18400000035762787,0.18400000035762787,0.23999999463558197,135,9
squirrel,GCN,inductive,9,0.17800000309944153,0.17800000309944153,0.17800000309944153,0.257999986410141,188,9
squirrel,GraphSAGE,transductive,9,0.3059999942779541,0.3059999942779541,0.3059999942779541,0.2939999997615814,106,9
squirrel,GraphSAGE,density_control,9,0.2980000078678131,0.2980000078678131,0.2980000078678131,0.2879999876022339,114,9
squirrel,GraphSAGE,inductive,9,0.29600000381469727,0.29600000381469727,0.29600000381469727,0.2879999876022339,110,9
squirrel,MLP,transductive,9,0.2720000147819519,0.2720000147819519,0.2720000147819519,0.27799999713897705,115,9
squirrel,MLP,density_control,9,0.2720000147819519,0.2720000147819519,0.2720000147819519,0.27799999713897705,115,9
squirrel,MLP,inductive,9,0.2720000147819519,0.2720000147819519,0.2720000147819519,0.27799999713897705,115,9
squirrel,LabelProp,transductive,9,0.1459999978542328,0.1459999978542328,0.1459999978542328,0.164000004529953,0,9
squirrel,LabelProp,density_control,9,0.1459999978542328,0.1459999978542328,0.1459999978542328,0.164000004529953,0,9
squirrel,LabelProp,inductive,9,0.1459999978542328,0.1459999978542328,0.1459999978542328,0.164000004529953,0,9
